City_ID,City,Country,Lat,Lng,Max Temp,Humidity,Cloudiness,Wind Speed,Current Description
0,Ostrovnoy,RU,68.0531,39.5131,14.14,86,96,22.17,overcast clouds
1,Thompson,CA,55.7435,-97.8558,-11.04,64,20,4.61,few clouds
2,Grand Gaube,MU,-20.0064,57.6608,79.38,80,84,3.0,broken clouds
3,Alofi,NU,-19.0595,-169.9187,75.09,94,100,4.61,overcast clouds
4,Luderitz,NA,-26.6481,15.1594,68.59,75,16,4.94,few clouds
5,Lompoc,US,34.6391,-120.4579,73.09,44,0,5.75,clear sky
6,Castro,BR,-24.7911,-50.0119,77.77,66,68,7.36,broken clouds
7,Skibbereen,IE,51.55,-9.2667,51.12,82,94,19.37,overcast clouds
8,Mataura,NZ,-46.1927,168.8643,39.47,99,4,2.01,clear sky
9,Albany,US,42.6001,-73.9662,27.82,50,18,4.0,few clouds
10,Husavik,IS,66.0449,-17.3389,24.71,78,100,9.93,light snow
11,Rikitea,PF,-23.1203,-134.9692,79.02,71,66,16.06,broken clouds
12,Ushuaia,AR,-54.8,-68.3,60.46,59,75,17.27,broken clouds
13,Port Alfred,ZA,-33.5906,26.891,75.65,81,0,27.47,clear sky
14,Fortuna,US,40.5982,-124.1573,55.74,80,0,6.91,clear sky
15,Hearst,CA,49.6835,-83.6665,12.45,91,100,5.97,light snow
16,Leningradskiy,RU,69.3833,178.4167,-22.81,98,33,6.08,scattered clouds
17,Georgetown,MY,5.4112,100.3354,78.73,93,40,0.0,scattered clouds
18,Baykit,RU,61.67,96.37,-8.23,100,96,2.82,overcast clouds
19,Angoram,PG,-4.0625,144.0661,74.52,98,100,1.23,light rain
20,Yenagoa,NG,4.9247,6.2642,83.79,59,3,10.02,clear sky
21,Thinadhoo,MV,0.5333,72.9333,82.72,70,33,12.17,scattered clouds
22,Cape Town,ZA,-33.9258,18.4232,70.09,68,20,5.75,few clouds
23,Tamandare,BR,-8.7597,-35.1047,84.85,59,96,11.79,overcast clouds
24,Hermanus,ZA,-34.4187,19.2345,68.9,84,12,9.35,few clouds
25,Glamoc,BA,44.0458,16.8486,35.4,99,86,8.34,overcast clouds
26,Hilo,US,19.7297,-155.09,69.24,96,100,5.75,moderate rain
27,Abong Mbang,CM,3.9833,13.1833,75.02,27,55,2.75,broken clouds
28,Doume,CM,4.2333,13.45,76.03,26,54,2.64,broken clouds
29,Qaanaaq,GL,77.484,-69.3632,-12.26,57,60,8.59,broken clouds
30,Fandriana,MG,-20.2333,47.3833,62.2,95,83,4.03,broken clouds
31,Yellowknife,CA,62.456,-114.3525,-6.59,87,75,12.66,light snow
32,Vestmannaeyjar,IS,63.4427,-20.2734,29.39,74,75,8.05,broken clouds
33,Ankang,CN,32.68,109.0172,30.06,93,100,1.36,overcast clouds
34,Busselton,AU,-33.65,115.3333,54.09,60,72,17.43,broken clouds
35,Port Elizabeth,ZA,-33.918,25.5701,79.11,88,20,17.27,light rain
36,Jamestown,US,42.097,-79.2353,33.53,29,0,13.8,clear sky
37,Bac Lieu,VN,9.285,105.7244,79.68,72,99,18.28,overcast clouds
38,Vanavara,RU,60.34,102.2797,-13.05,100,71,2.8,broken clouds
39,Dikson,RU,73.5069,80.5464,-20.88,99,82,9.37,broken clouds
40,Talnakh,RU,69.4865,88.3972,-25.67,98,64,2.24,broken clouds
41,Elizabeth City,US,36.2946,-76.2511,44.02,72,100,14.97,overcast clouds
42,Camopi,GF,3.1655,-52.3158,74.97,97,99,3.85,moderate rain
43,Tasiilaq,GL,65.6145,-37.6368,23.16,63,100,32.84,overcast clouds
44,Cockburn Town,TC,21.4612,-71.1419,80.56,44,20,14.97,few clouds
45,Coihaique,CL,-45.5752,-72.0662,83.01,41,20,8.05,few clouds
46,Mazara Del Vallo,IT,37.6641,12.588,57.0,74,100,10.92,overcast clouds
47,San Quintin,MX,30.4833,-115.95,62.55,30,1,2.04,clear sky
48,Smithers,CA,54.7804,-127.1743,35.92,64,40,3.44,scattered clouds
49,Wewak,PG,-3.5534,143.6268,78.3,88,100,7.67,overcast clouds
50,Lebu,CL,-37.6167,-73.65,66.9,62,0,13.85,clear sky
51,Souillac,MU,-20.5167,57.5167,79.36,89,40,11.5,scattered clouds
52,Saint-Philippe,RE,-21.3585,55.7679,78.39,79,99,15.37,overcast clouds
53,Parry Sound,CA,45.3501,-80.033,25.21,74,100,13.42,overcast clouds
54,Trat,TH,12.5,102.5,83.98,74,50,1.79,scattered clouds
55,Road Town,VG,18.4167,-64.6167,75.29,94,40,10.36,scattered clouds
56,Avarua,CK,-21.2078,-159.775,77.05,88,75,12.66,broken clouds
57,Broken Hill,AU,-31.95,141.4333,71.31,40,75,12.66,broken clouds
58,Vao,NC,-22.6667,167.4833,79.93,85,93,1.77,overcast clouds
59,Saskylakh,RU,71.9167,114.0833,-23.96,100,97,1.5,overcast clouds
60,Manadhoo,MV,5.7667,73.3833,81.43,68,69,10.94,broken clouds
61,Cabo San Lucas,MX,22.8909,-109.9124,73.62,67,20,5.99,few clouds
62,Abu Dhabi,AE,24.4667,54.3667,66.96,61,20,3.0,few clouds
63,Mar Del Plata,AR,-38.0023,-57.5575,66.22,88,100,24.0,overcast clouds
64,Colon,PA,9.3592,-79.9014,90.46,66,23,10.45,few clouds
65,Kavieng,PG,-2.5744,150.7967,81.23,78,100,4.65,overcast clouds
66,Foumban,CM,5.7291,10.9001,73.18,20,26,1.9,scattered clouds
67,Chokurdakh,RU,70.6333,147.9167,-38.94,100,99,2.42,overcast clouds
68,New Norfolk,AU,-42.7826,147.0587,52.72,73,34,1.86,scattered clouds
69,Bredasdorp,ZA,-34.5322,20.0403,70.92,73,6,8.05,clear sky
70,Haines Junction,CA,60.7522,-137.5108,39.15,45,90,13.8,overcast clouds
71,Inongo,CD,-1.95,18.2667,78.62,69,59,3.85,broken clouds
72,Severo-Kurilsk,RU,50.6789,156.125,30.24,80,100,14.99,overcast clouds
73,Aykhal,RU,66.0,111.5,-19.59,98,100,5.46,overcast clouds
74,Tianpeng,CN,30.9866,103.9393,36.07,95,72,0.92,broken clouds
75,Klaksvik,FO,62.2266,-6.589,36.52,60,80,35.99,broken clouds
76,Tokmak,UA,47.2514,35.7058,34.66,80,83,8.48,broken clouds
77,Makakilo City,US,21.3469,-158.0858,74.28,80,0,0.0,clear sky
78,Bengkulu,ID,-3.8004,102.2655,76.42,86,100,8.41,light rain
79,Saint-Joseph,RE,-21.3667,55.6167,77.38,77,95,10.96,overcast clouds
80,Tuktoyaktuk,CA,69.4541,-133.0374,-22.0,76,100,18.41,light snow
81,Carnarvon,AU,-24.8667,113.6333,75.27,69,100,21.85,overcast clouds
82,Arraial Do Cabo,BR,-22.9661,-42.0278,89.56,62,0,19.57,clear sky
83,Ferkessedougou,CI,9.6,-5.2,89.53,11,3,4.0,clear sky
84,Noyabrsk,RU,63.1994,75.4507,-11.94,100,64,8.77,broken clouds
85,Halifax,CA,44.6453,-63.5724,20.21,72,0,1.99,clear sky
86,Lac Du Bonnet,CA,50.2536,-96.0612,-2.42,87,92,6.02,overcast clouds
87,Bambous Virieux,MU,-20.3428,57.7575,79.21,89,40,11.5,scattered clouds
88,Punta Arenas,CL,-53.15,-70.9167,69.91,49,75,16.11,broken clouds
89,Kapaa,US,22.0752,-159.319,73.72,84,75,11.5,broken clouds
90,Katsuura,JP,35.1333,140.3,37.51,46,84,9.53,broken clouds
91,Maniitsoq,GL,65.4167,-52.9,3.96,72,100,14.61,overcast clouds
92,Vanimo,PG,-2.6741,141.3028,77.32,88,93,5.19,overcast clouds
93,Atuona,PF,-9.8,-139.0333,78.75,73,10,20.15,clear sky
94,Gasa,PS,31.5,34.4667,55.38,72,1,4.52,clear sky
95,Vaini,TO,-21.2,-175.2,75.36,94,100,12.66,light rain
96,Asau,RO,46.4333,26.4,41.4,66,100,6.11,overcast clouds
97,Edson,CA,53.5835,-116.4356,46.54,42,0,14.97,clear sky
98,Tongchuan,CN,35.0806,109.0897,22.28,89,100,5.17,overcast clouds
99,Bethel,US,41.3712,-73.414,29.1,56,0,1.99,clear sky
100,Zhigansk,RU,66.7697,123.3711,-25.56,99,96,6.49,overcast clouds
101,Butaritari,KI,3.0707,172.7902,81.3,77,63,15.21,light rain
102,Antalaha,MG,-14.9003,50.2788,76.8,85,100,4.97,overcast clouds
103,Gazanjyk,TM,39.2446,55.5154,40.44,65,100,4.7,overcast clouds
104,Guilin,CN,25.2819,110.2864,42.91,97,100,5.17,light rain
105,Lumeje,AO,-11.55,20.7833,70.63,72,100,3.09,overcast clouds
106,Saint-Lo,FR,49.1162,-1.0903,52.23,90,100,23.15,overcast clouds
107,Lorengau,PG,-2.0226,147.2712,81.01,79,100,7.58,overcast clouds
108,Iqaluit,CA,63.7506,-68.5145,-32.31,66,20,1.99,few clouds
109,Asfi,MA,32.2994,-9.2372,60.31,75,11,15.82,few clouds
110,Naryan-Mar,RU,67.6713,53.087,9.5,88,100,15.66,overcast clouds
111,Puerto Ayora,EC,-0.7393,-90.3518,84.16,86,58,8.01,broken clouds
112,Songea,TZ,-10.6833,35.65,64.96,85,100,5.19,overcast clouds
113,Tangier,MA,35.7806,-5.8137,60.15,72,20,24.16,few clouds
114,Hithadhoo,MV,-0.6,73.0833,82.47,73,32,12.55,scattered clouds
115,East London,ZA,-33.0153,27.9116,72.54,88,20,12.66,few clouds
116,Shubarshi,KZ,48.5872,57.1869,17.96,95,100,9.37,overcast clouds
117,Clones,IE,54.1833,-7.2333,41.43,77,79,9.82,broken clouds
118,Faanui,PF,-16.4833,-151.75,81.23,76,100,22.79,light rain
119,Zlatoust,RU,55.1711,59.6508,8.2,97,100,3.96,overcast clouds
120,Danielskuil,ZA,-28.1887,23.5395,70.63,54,8,4.12,clear sky
121,Ancud,CL,-41.8697,-73.8203,77.23,67,11,6.17,few clouds
122,Korla,CN,41.7597,86.1469,23.95,46,8,5.08,clear sky
123,Shimoda,JP,34.6667,138.95,36.1,72,50,10.58,scattered clouds
124,Bluff,NZ,-46.6,168.3333,39.79,81,2,4.59,clear sky
125,Kirakira,SB,-10.4544,161.9205,80.85,86,99,7.78,overcast clouds
126,Caravelas,BR,-17.7125,-39.2481,83.34,65,7,10.25,clear sky
127,Kieta,PG,-6.2167,155.6333,79.36,83,100,7.56,overcast clouds
128,Mantua,IT,45.1667,10.7833,48.74,86,96,6.67,overcast clouds
129,Nanortalik,GL,60.1432,-45.2371,15.22,67,100,20.65,overcast clouds
130,Lagoa,PT,39.05,-27.9833,60.19,85,16,12.15,few clouds
131,Sistranda,NO,63.7256,8.834,39.16,64,100,34.31,overcast clouds
132,Chake Chake,TZ,-5.2459,39.7666,79.56,83,100,5.37,overcast clouds
133,Pisco,PE,-13.7,-76.2167,72.01,83,40,10.36,mist
134,Domoni,KM,-12.2569,44.5319,80.73,81,100,4.34,overcast clouds
135,Jalu,LY,29.0331,21.5482,60.94,28,6,4.76,clear sky
136,Yar-Sale,RU,66.8333,70.8333,-13.4,100,89,7.29,overcast clouds
137,Khatanga,RU,71.9667,102.5,-19.57,98,95,8.05,overcast clouds
138,Pevek,RU,69.7008,170.3133,-24.39,99,42,1.66,scattered clouds
139,Niedercorn,LU,49.5361,5.8931,47.35,93,100,5.99,light rain
140,Myre,NO,69.1036,15.9492,33.71,61,100,13.0,overcast clouds
141,Anadyr,RU,64.75,177.4833,-17.9,76,0,8.95,clear sky
142,Barra Do Garcas,BR,-15.89,-52.2567,90.18,58,40,3.89,scattered clouds
143,Athabasca,CA,54.7169,-113.2854,39.02,78,0,14.41,clear sky
144,Isla Aguada,MX,18.7833,-91.4667,71.64,82,40,5.26,scattered clouds
145,Sainte-Maxime,FR,43.3,6.6333,54.0,41,67,21.97,broken clouds
146,Pudozh,RU,61.8099,36.5345,14.27,93,98,7.76,overcast clouds
147,Bilsanda,IN,28.25,79.95,51.4,75,0,2.84,clear sky
148,Umm Lajj,SA,25.0213,37.2685,67.28,49,0,19.57,clear sky
149,Hofn,IS,64.2539,-15.2082,27.0,67,0,16.11,clear sky
150,Hobart,AU,-42.8794,147.3294,53.06,87,5,1.01,clear sky
151,Elko,US,41.0002,-115.5012,35.06,60,4,1.99,clear sky
152,Fairbanks,US,64.8378,-147.7164,-1.7,77,100,0.0,light snow
153,Torbay,CA,47.6666,-52.7314,17.58,81,100,17.27,light snow
154,Quatre Cocos,MU,-20.2078,57.7625,79.09,82,98,11.59,overcast clouds
155,Vila Franca Do Campo,PT,37.7167,-25.4333,64.2,86,63,12.8,broken clouds
156,Comodoro Rivadavia,AR,-45.8667,-67.5,76.86,31,0,13.8,clear sky
157,Tarogong,ID,-7.1902,107.8874,69.21,95,100,3.56,overcast clouds
158,Santo Tomas,PH,14.1079,121.1414,77.25,87,99,7.56,overcast clouds
159,Barrow,US,71.2906,-156.7887,-23.78,76,40,6.91,haze
160,Seoul,KR,37.5683,126.9778,20.64,65,0,2.3,clear sky
161,Mana,GF,5.6592,-53.7767,81.79,73,98,7.92,overcast clouds
162,Namibe,AO,-15.1961,12.1522,75.06,69,100,13.47,overcast clouds
163,Kano,NG,12.0001,8.5167,67.89,34,100,5.75,dust
164,Renfrew,GB,55.872,-4.3925,38.16,85,14,10.36,moderate rain
165,Kenai,US,60.5544,-151.2583,20.14,92,0,0.0,clear sky
166,Puerto Colombia,CO,10.9878,-74.9547,89.69,68,0,21.36,clear sky
167,Krasnoselkup,RU,65.7,82.4667,-19.88,100,19,7.81,few clouds
168,Provideniya,RU,64.3833,-173.3,-5.57,84,2,4.03,clear sky
169,Avera,US,33.194,-82.5271,48.9,44,100,9.4,overcast clouds
170,Cabedelo,BR,-6.9811,-34.8339,86.67,62,20,10.45,few clouds
171,Baker City,US,44.7749,-117.8344,51.64,81,29,3.06,scattered clouds
172,Morros,BR,-9.4467,-46.3003,85.24,54,100,2.24,overcast clouds
173,Yinchuan,CN,38.4681,106.2731,20.41,91,83,7.2,broken clouds
174,Kaitangata,NZ,-46.2817,169.8464,43.86,88,10,1.45,clear sky
175,Esperance,AU,-33.8667,121.9,62.44,71,100,23.47,overcast clouds
176,La Ronge,CA,55.1001,-105.2842,-1.95,78,100,8.05,overcast clouds
177,Nikolskoye,RU,59.7035,30.7861,35.87,94,100,12.28,light snow
178,Chicama,PE,-7.8447,-79.1469,68.54,58,98,10.76,overcast clouds
179,Sambava,MG,-14.2667,50.1667,76.15,89,60,6.58,broken clouds
180,Bougouni,ML,11.417,-7.479,83.46,9,0,3.4,clear sky
181,Pandamatenga,BW,-18.5278,25.627,67.01,77,72,4.85,broken clouds
182,Labuhan,ID,-6.8844,112.2051,77.94,90,100,7.16,overcast clouds
183,Aksarka,RU,66.5606,67.7975,-17.27,100,87,6.53,overcast clouds
184,Henties Bay,NA,-22.116,14.2845,70.86,80,79,9.53,broken clouds
185,Taizhou,CN,32.4933,119.9106,36.9,93,100,8.23,light rain
186,Toribio,CO,2.9548,-76.2684,69.26,90,89,1.99,overcast clouds
187,Vrangel,RU,42.7297,133.0839,13.62,66,3,11.65,clear sky
188,Chenzhou,CN,25.8,113.0333,46.27,97,100,3.94,overcast clouds
189,Saldanha,ZA,-33.0117,17.9442,68.05,95,38,8.63,scattered clouds
190,Oxelosund,SE,58.6706,17.1015,34.18,80,0,5.75,clear sky
191,Santa Leopoldina,BR,-20.1006,-40.5297,85.62,52,6,7.61,clear sky
192,Storforshei,NO,66.4043,14.5233,26.38,68,75,10.36,broken clouds
193,Los Llanos De Aridane,ES,28.6585,-17.9182,64.15,67,20,18.99,few clouds
194,Tanout,NE,14.9709,8.8879,67.14,11,0,11.77,clear sky
195,Olmos,PE,-5.9847,-79.7453,89.29,41,98,6.69,overcast clouds
196,Beaverlodge,CA,55.2166,-119.4361,40.35,62,1,18.12,clear sky
197,Bembereke,BJ,10.2283,2.6634,81.84,16,0,4.38,clear sky
198,Tucuman,AR,-26.8241,-65.2226,73.4,60,26,4.61,scattered clouds
199,Koungheul,SN,13.9833,-14.8,91.31,7,0,6.24,clear sky
200,Puerto Escondido,MX,15.85,-97.0667,85.03,74,0,11.5,clear sky
201,Griffith,US,41.5284,-87.4237,34.09,69,0,5.01,clear sky
202,Praia,CV,14.9215,-23.5087,79.34,50,0,17.27,clear sky
203,Albufeira,PT,37.0882,-8.2503,60.64,76,0,4.07,clear sky
204,Kavaratti,IN,10.5669,72.642,78.3,68,62,10.71,broken clouds
205,Tiksi,RU,71.6872,128.8694,-14.96,98,100,3.71,overcast clouds
206,Aklavik,CA,68.2191,-135.0107,-18.4,76,75,17.27,broken clouds
207,Airai,TL,-8.9266,125.4092,60.82,89,92,1.16,overcast clouds
208,Whitehorse,CA,60.7161,-135.0538,32.77,86,75,10.36,light snow
209,Sarkand,KZ,45.41,79.9186,21.25,60,26,8.63,scattered clouds
210,Jiuquan,CN,39.7432,98.5174,11.46,97,73,3.27,broken clouds
211,Sitka,US,57.0531,-135.33,44.49,81,100,19.57,light rain
212,Port-Cartier,CA,50.0334,-66.8654,3.74,71,100,6.17,overcast clouds
213,Victoria,HK,22.2855,114.1577,61.97,83,100,1.01,overcast clouds
214,Corinth,GR,37.9407,22.9573,56.84,72,77,4.5,broken clouds
215,Mountain Home,US,43.133,-115.6912,33.42,100,0,12.66,clear sky
216,Khandyga,RU,62.6667,135.6,-39.08,99,100,2.35,overcast clouds
217,Ribeira Grande,PT,38.5167,-28.7,63.0,82,75,14.97,broken clouds
218,Petropavlovsk-Kamchatskiy,RU,53.0452,158.6483,27.19,69,75,17.9,light shower snow
219,Sarkeresztur,HU,47.0054,18.5439,47.98,80,100,12.39,overcast clouds
220,Cidreira,BR,-30.1811,-50.2056,81.25,51,0,11.86,clear sky
221,Chuy,UY,-33.6971,-53.4616,75.27,39,3,16.82,clear sky
222,Hazleton,US,40.9584,-75.9746,27.95,62,0,6.91,clear sky
223,Mitsamiouli,KM,-11.3847,43.2844,80.89,89,20,3.44,few clouds
224,Sinnamary,GF,5.3833,-52.95,81.88,75,100,9.33,light rain
225,Novoagansk,RU,61.9449,76.6625,-5.1,99,9,8.08,clear sky
226,Galle,LK,6.0367,80.217,77.58,80,88,1.77,overcast clouds
227,Siavonga,ZM,-16.5382,28.7088,71.2,87,34,4.43,scattered clouds
228,Sao Filipe,CV,14.8961,-24.4956,73.81,71,0,10.89,clear sky
229,Sola,VU,-13.8833,167.55,79.47,83,100,0.0,overcast clouds
230,Karratha,AU,-20.7377,116.8463,83.79,80,1,5.55,clear sky
231,Cardenas,CU,23.0375,-81.2047,81.36,60,2,14.56,clear sky
232,Boende,CD,-0.2167,20.8667,81.36,42,100,0.34,overcast clouds
233,Ous,RU,60.9058,61.5186,10.17,97,100,4.41,overcast clouds
234,Flinders,AU,-34.5833,150.8552,66.79,86,77,10.0,broken clouds
235,Pangnirtung,CA,66.1451,-65.7125,-31.0,68,75,0.0,broken clouds
236,Menongue,AO,-14.6585,17.691,59.92,88,100,4.68,overcast clouds
237,Huarmey,PE,-10.0681,-78.1522,75.54,70,24,11.36,few clouds
238,Tuatapere,NZ,-46.1333,167.6833,40.82,84,5,3.0,clear sky
239,Raudeberg,NO,61.9875,5.1352,38.86,85,87,5.01,light rain
240,Firozabad,IN,27.15,78.4167,53.35,65,0,5.46,clear sky
241,Ust-Kuyga,RU,70.0167,135.6,-43.29,100,100,4.56,overcast clouds
242,Mocuba,MZ,-16.8392,36.9856,71.53,98,9,3.58,light rain
243,Goundam,ML,16.4145,-3.6708,74.25,10,0,9.17,clear sky
244,San Julian,MX,21.0167,-102.1667,72.19,22,2,10.65,clear sky
245,Geraldton,AU,-28.7667,114.6,68.41,52,40,10.36,scattered clouds
246,Kyra,RU,49.5776,111.9753,2.52,93,84,4.52,broken clouds
247,Hongjiang,CN,27.11,109.9956,35.02,99,100,4.12,snow
248,Ahipara,NZ,-35.1667,173.1667,72.84,98,100,6.71,overcast clouds
249,Chiang Klang,TH,19.2938,100.8617,63.36,98,64,1.72,broken clouds
250,Poronaysk,RU,49.2167,143.1167,-0.83,93,51,6.93,broken clouds
251,San Matias,BO,-16.3667,-58.4,83.5,74,100,7.63,overcast clouds
252,Kloulklubed,PW,7.0419,134.2556,79.3,82,100,23.09,overcast clouds
253,Salalah,OM,17.0151,54.0924,75.29,83,0,0.0,clear sky
254,Westport,US,41.1415,-73.3579,31.28,60,99,1.01,overcast clouds
255,Pustoshka,RU,56.3355,29.369,31.64,97,100,12.48,snow
256,Tessalit,ML,20.1986,1.0114,72.41,9,0,6.35,clear sky
257,Ulaangom,MN,49.9811,92.0667,-26.81,92,93,3.06,overcast clouds
258,Touros,BR,-5.1989,-35.4608,88.7,63,1,13.51,clear sky
259,Genc,TR,38.7507,40.5603,15.73,81,28,2.66,scattered clouds
260,Garissa,KE,-0.4536,39.6401,89.24,29,100,7.87,overcast clouds
261,Pacific Grove,US,36.6177,-121.9166,65.8,53,0,3.0,clear sky
262,Walvis Bay,NA,-22.9575,14.5053,74.35,68,100,4.61,overcast clouds
263,Yeniseysk,RU,58.4497,92.1703,6.69,98,100,2.71,overcast clouds
264,Berlevag,NO,70.8578,29.0864,21.09,85,41,18.01,scattered clouds
265,Kroya,ID,-7.6331,109.2461,80.19,88,100,2.93,light rain
266,Stokmarknes,NO,68.5646,14.9108,33.78,60,40,11.5,scattered clouds
267,Zhigalovo,RU,54.8097,105.1578,10.74,99,99,2.28,overcast clouds
268,Gigmoto,PH,13.7796,124.39,77.34,86,94,13.24,overcast clouds
269,Tecoanapa,MX,16.5167,-98.75,83.93,53,96,10.54,overcast clouds
270,San Patricio,US,28.017,-97.5169,62.55,60,6,5.26,clear sky
271,Shenjiamen,CN,29.9576,122.298,42.13,79,100,13.96,light rain
272,Manaure,CO,11.7751,-72.4445,84.31,64,18,16.58,few clouds
273,Cayenne,GF,4.9333,-52.3333,82.09,84,100,4.0,light rain
274,Mount Gambier,AU,-37.8333,140.7667,60.71,67,0,6.91,clear sky
275,Nouadhibou,MR,20.931,-17.0347,67.98,88,5,18.41,clear sky
276,Porto Novo,BJ,6.4965,2.6036,84.02,78,5,6.87,clear sky
277,Paita,PE,-5.0892,-81.1144,84.76,66,54,15.08,broken clouds
278,Annau,TM,37.8876,58.516,35.1,87,100,4.61,overcast clouds
279,Imeni Morozova,RU,59.9757,31.0376,36.01,94,100,13.6,light snow
280,Usinsk,RU,65.9939,57.5281,-11.25,99,11,5.77,few clouds
281,Altay,CN,47.8667,88.1167,8.44,46,10,10.09,clear sky
282,Shetpe,KZ,44.1667,52.1167,29.43,80,85,10.38,overcast clouds
283,Longyearbyen,SJ,78.2186,15.6401,17.44,67,40,18.41,scattered clouds
284,Dunedin,NZ,-45.8742,170.5036,51.8,79,0,1.01,clear sky
285,Constitucion,CL,-35.3333,-72.4167,71.74,56,13,9.75,few clouds
286,Kerema,PG,-7.9631,145.7785,77.18,80,98,3.33,overcast clouds
287,Olonets,RU,60.9847,32.9698,25.48,91,100,12.46,overcast clouds
288,Scarborough,GB,54.2797,-0.4044,40.51,80,44,4.0,scattered clouds
289,Paramonga,PE,-10.6667,-77.8333,74.7,69,85,10.51,overcast clouds
290,Vikhorevka,RU,56.1201,101.1636,15.39,97,100,2.28,light snow
291,Asosa,ET,10.0667,34.5333,66.56,28,100,4.99,overcast clouds
292,Saint George,US,37.1041,-113.5841,57.67,24,0,1.01,clear sky
293,Kodiak,US,57.79,-152.4072,36.91,70,0,5.75,clear sky
294,Qaqortoq,GL,60.7167,-46.0333,7.3,68,100,4.81,overcast clouds
295,Lowicz,PL,52.1071,19.9453,41.32,96,100,22.95,overcast clouds
296,Kitimat,CA,54.0524,-128.6534,41.92,41,100,3.67,overcast clouds
297,Port Augusta,AU,-32.5,137.7667,71.71,32,1,12.28,clear sky
298,Najran,SA,17.4924,44.1277,61.45,42,9,4.32,clear sky
299,Marsala,IT,37.7966,12.4352,57.0,87,20,8.05,few clouds
300,Vardo,NO,70.3705,31.1107,26.58,74,75,23.02,broken clouds
301,Akwatia,GH,6.0402,-0.8088,81.1,66,92,6.2,light rain
302,Mahebourg,MU,-20.4081,57.7,79.25,89,40,11.5,scattered clouds
303,Hami,CN,42.8,93.45,26.6,32,17,12.95,few clouds
304,Bingen,DE,48.1113,9.2724,41.56,86,100,24.52,light rain
305,Saint-Leu,RE,-21.15,55.2833,77.86,77,99,2.39,overcast clouds
306,Khor,RU,47.8861,134.9464,-4.74,99,100,2.86,overcast clouds
307,Nizhniy Tsasuchey,RU,50.5167,115.1333,1.49,95,69,6.22,light snow
308,Obidos,BR,-1.9175,-55.5181,83.62,70,100,1.61,moderate rain
309,Izhma,RU,65.0083,53.9113,14.41,86,100,10.67,overcast clouds
310,Komsomolskiy,UZ,40.4272,71.7189,39.92,87,75,9.22,broken clouds
311,Vadlapudi,IN,14.3167,79.8,71.15,79,100,5.35,overcast clouds
312,Ponta Do Sol,PT,32.6667,-17.1,64.13,53,6,10.54,clear sky
313,Payson,US,40.0444,-111.7321,40.51,57,20,3.44,few clouds
314,Olafsvik,IS,64.8945,-23.7142,28.08,70,100,16.98,overcast clouds
315,Teahupoo,PF,-17.8333,-149.2667,80.56,77,64,22.03,light rain
316,Cherskiy,RU,68.75,161.3,-31.16,100,24,1.1,few clouds
317,Necochea,AR,-38.5473,-58.7368,67.03,72,98,19.73,overcast clouds
318,Manteca,US,37.7974,-121.216,58.87,65,0,3.44,clear sky
319,Severnyy,RU,50.677,36.5532,32.04,86,75,8.95,broken clouds
320,Staroye Drozhzhanoye,RU,54.7266,47.5677,3.58,98,100,4.65,overcast clouds
321,Nantucket,US,41.2835,-70.0995,32.25,69,100,4.9,overcast clouds
322,Barcelos,PT,41.5388,-8.6151,55.85,67,100,4.92,overcast clouds
323,Kaeo,NZ,-35.1,173.7833,73.33,98,100,4.65,overcast clouds
324,Thanh Hoa,VN,19.8,105.7667,61.16,82,100,0.98,overcast clouds
325,Montague,US,42.5356,-72.5351,28.31,43,84,5.01,broken clouds
326,Natal,BR,-5.795,-35.2094,88.45,62,20,13.8,few clouds
327,Upata,VE,8.0086,-62.3989,82.62,62,63,5.48,broken clouds
328,Lavrentiya,RU,65.5833,-171.0,-12.37,93,5,6.89,clear sky
329,Faya,SA,18.3851,42.4509,53.71,77,6,1.81,clear sky
330,Te Anau,NZ,-45.4167,167.7167,41.56,88,15,1.14,few clouds
331,Ambilobe,MG,-13.2,49.05,75.56,92,100,3.13,light rain
332,Noumea,NC,-22.2763,166.4572,75.18,90,97,3.6,overcast clouds
333,Lock Haven,US,41.137,-77.4469,32.29,65,98,8.88,overcast clouds
334,Lianran,CN,24.9227,102.485,39.74,87,0,3.0,clear sky
335,Ayagoz,KZ,47.9714,80.4392,-7.04,95,4,3.53,clear sky
336,Acapulco,MX,16.8634,-99.8901,84.02,61,0,4.61,clear sky
337,Cordoba,AR,-31.4135,-64.1811,82.76,28,20,5.99,few clouds
338,Ukiah,US,39.1502,-123.2078,71.37,48,0,0.2,clear sky
339,Upernavik,GL,72.7868,-56.1549,-12.98,97,100,6.58,overcast clouds
340,Shilka,RU,51.85,116.0333,-10.64,100,99,2.3,overcast clouds
341,Iuna,BR,-20.3458,-41.5358,75.04,84,42,6.33,scattered clouds
342,Gaogou,CN,34.0175,119.1886,32.95,53,100,4.74,light snow
343,Ixtapa,MX,20.7,-105.2,76.23,65,20,9.22,few clouds
344,Yulara,AU,-25.2406,130.9889,69.64,43,0,6.91,clear sky
345,Hay River,CA,60.8156,-115.7999,17.56,86,100,12.66,snow
346,Linares,CL,-35.85,-71.6,97.97,10,0,7.05,clear sky
347,Tomatlan,MX,19.9333,-105.25,90.9,27,22,7.81,few clouds
348,Broome,US,42.2506,-75.833,29.48,63,0,3.0,clear sky
349,Bourail,NC,-21.5667,165.4833,77.83,94,100,6.35,overcast clouds
350,Tezu,IN,27.9167,96.1667,52.0,88,100,3.83,overcast clouds
351,Sangmelima,CM,2.9333,11.9833,72.88,29,100,1.7,overcast clouds
352,Puspokladany,HU,47.3167,21.1167,44.58,66,100,14.47,overcast clouds
353,Churapcha,RU,62.0025,132.4325,-34.58,100,100,3.56,overcast clouds
354,Port Lincoln,AU,-34.7333,135.8667,70.99,69,0,12.59,clear sky
355,Thai Nguyen,VN,21.5928,105.8442,56.98,92,100,1.81,overcast clouds
356,Abramovka,RU,51.1886,41.0202,28.87,95,100,9.64,overcast clouds
357,Pimentel,PE,-6.8367,-79.9342,77.29,61,20,11.5,few clouds
358,Grindavik,IS,63.8424,-22.4338,27.07,74,100,8.05,overcast clouds
359,Cam Ranh,VN,11.9214,109.1591,73.36,83,75,5.75,broken clouds
360,Hualmay,PE,-11.0964,-77.6139,74.75,68,70,10.58,broken clouds
361,Rio Grande,BR,-32.035,-52.0986,78.91,56,56,13.24,broken clouds
362,Yarada,IN,17.65,83.2667,70.12,83,20,2.3,mist
363,Dhidhdhoo,MV,6.8833,73.1,80.49,72,35,9.66,scattered clouds
364,Nizhniy Kuranakh,RU,58.8353,125.4869,-23.12,99,19,2.28,few clouds
365,Tommot,RU,58.9564,126.2925,-27.0,99,44,2.15,scattered clouds
366,Ofaqim,IL,31.3141,34.6203,52.74,80,0,2.77,clear sky
367,Saint Anthony,US,45.0205,-93.218,22.93,74,100,7.0,overcast clouds
368,Furstenfeld,AT,47.05,16.0833,44.26,79,100,4.97,light rain
369,Shingu,JP,33.7333,135.9833,38.91,73,33,6.02,scattered clouds
370,Mabaruma,GY,8.2,-59.7833,76.84,94,97,4.09,overcast clouds
371,Prince Rupert,CA,54.3161,-130.3201,46.49,76,100,18.41,overcast clouds
372,Taltal,CL,-25.4,-70.4833,71.62,62,24,5.68,few clouds
373,Hasaki,JP,35.7333,140.8333,25.2,43,0,24.02,clear sky
374,Lepaterique,HN,14.0667,-87.4667,69.4,54,92,9.33,overcast clouds
375,Plettenberg Bay,ZA,-34.0527,23.3716,74.48,64,94,5.57,overcast clouds
376,Privolzhsk,RU,57.3808,41.2886,10.99,97,100,6.31,overcast clouds
377,Qasigiannguit,GL,68.8193,-51.1922,1.65,99,100,5.39,overcast clouds
378,Ust-Ordynskiy,RU,52.805,104.7508,12.04,99,79,0.56,broken clouds
379,Taoudenni,ML,22.6783,-3.9836,74.12,10,73,8.55,broken clouds
380,Ensley,US,30.5188,-87.2728,59.09,54,0,1.01,clear sky
381,Kodinsk,RU,58.6881,99.1844,8.15,99,100,1.48,overcast clouds
382,Port Hedland,AU,-20.3167,118.5667,84.25,89,50,9.22,scattered clouds
383,Ewa Beach,US,21.3156,-158.0072,77.59,79,0,8.01,clear sky
384,Peniche,PT,39.3558,-9.3811,62.08,69,21,14.99,few clouds
385,Vila Velha,BR,-20.3297,-40.2925,85.95,79,20,8.01,few clouds
386,Manoel Urbano,BR,-8.8389,-69.2597,80.8,90,100,2.24,overcast clouds
387,Nizhnevartovsk,RU,60.9344,76.5531,5.02,92,40,6.71,scattered clouds
388,Dryden,CA,49.7833,-92.7503,7.09,72,0,9.22,clear sky
389,Nome,US,64.5011,-165.4064,-0.33,50,0,8.05,clear sky
390,Maragogi,BR,-9.0122,-35.2225,82.74,66,100,14.25,overcast clouds
391,Hovd,MN,48.0056,91.6419,-13.88,75,12,3.2,few clouds
392,Rangapara,IN,26.8167,92.65,53.64,81,7,4.45,clear sky
393,Alcudia,ES,39.8532,3.1214,55.2,79,27,6.31,scattered clouds
394,Tariba,VE,7.8188,-72.2243,70.36,56,66,3.29,broken clouds
395,Isangel,VU,-19.55,169.2667,77.11,94,100,13.8,moderate rain
396,Miri,MY,4.4148,114.0089,75.34,100,40,0.0,scattered clouds
397,Kattivakkam,IN,13.2167,80.3167,80.08,76,100,9.6,overcast clouds
398,Itaueira,BR,-7.6033,-43.0256,84.6,64,98,3.42,overcast clouds
399,Narsaq,GL,60.9167,-46.05,7.02,72,100,1.16,overcast clouds
400,Kahului,US,20.8947,-156.47,75.85,77,20,12.66,few clouds
401,Zharkent,KZ,44.1628,80.0,26.58,51,89,1.01,overcast clouds
402,Sisimiut,GL,66.9395,-53.6735,0.61,95,100,10.74,overcast clouds
403,Ulaanbaatar,MN,47.9077,106.8832,-16.47,69,0,2.24,clear sky
404,Pedernales,DO,18.0384,-71.744,80.78,61,88,7.05,overcast clouds
405,Platteville,US,42.7342,-90.4785,36.95,75,100,9.22,overcast clouds
406,Lamu,KE,-2.2717,40.902,80.82,87,100,15.46,overcast clouds
407,Waipawa,NZ,-41.4122,175.5153,57.83,78,100,11.56,overcast clouds
408,Tenosique,MX,17.4833,-91.4333,68.7,89,98,3.78,overcast clouds
409,Zhanakorgan,KZ,43.9098,67.2495,32.23,87,100,17.83,overcast clouds
410,Laguna,US,38.421,-121.4238,64.24,64,0,1.01,clear sky
411,Basco,PH,20.4487,121.9702,72.97,70,100,26.78,overcast clouds
412,Pangoa,PE,-12.1167,-73.0,79.0,74,100,2.46,light rain
413,Port Hardy,CA,50.6996,-127.4199,46.76,81,100,14.97,overcast clouds
414,Xining,CN,36.6167,101.7667,9.14,93,62,1.19,broken clouds
415,Tsumeb,NA,-19.2333,17.7167,69.35,80,100,8.5,overcast clouds
416,Chenghai,CN,23.4632,116.768,57.11,72,100,2.24,light rain
417,Honiara,SB,-9.4333,159.95,78.49,88,100,3.51,overcast clouds
418,Bowen,AU,-20.0167,148.2333,71.82,81,76,12.41,broken clouds
419,Kanpur,IN,26.4667,80.35,51.67,66,0,4.21,clear sky
420,Saint-Francois,FR,46.4154,3.9054,47.64,71,100,16.11,overcast clouds
421,Labuan,MY,5.2767,115.2417,80.96,78,20,3.0,few clouds
422,Mananjary,MG,-21.2167,48.3333,78.58,90,100,12.62,light rain
423,Poum,NC,-20.2333,164.0167,80.08,83,100,9.98,overcast clouds
424,Vaitape,PF,-16.5167,-151.75,81.21,75,100,23.0,overcast clouds
425,Thunder Bay,CA,48.4001,-89.3168,18.55,69,75,6.91,broken clouds
426,Pitimbu,BR,-7.4706,-34.8086,86.59,61,17,10.89,few clouds
427,Bose,IT,45.4612,8.0137,42.21,87,100,2.21,overcast clouds
428,Semnan,IR,35.5729,53.3971,39.43,52,4,3.44,clear sky
429,Kholmogory,RU,64.2229,41.656,8.71,95,100,7.74,overcast clouds
430,Bhag,PK,29.0415,67.8239,64.83,25,4,1.81,clear sky
431,Santa Maria,BR,-29.6842,-53.8069,79.9,47,75,6.91,broken clouds
432,Cachoeira Do Sul,BR,-30.0392,-52.8939,86.9,24,5,11.52,clear sky
433,Woodburn,US,45.1437,-122.8554,52.77,100,100,4.61,fog
434,Alberton,CA,46.8168,-64.0654,10.53,70,0,7.05,clear sky
435,Edd,ER,13.9297,41.6925,75.52,71,97,12.06,overcast clouds
436,Saint-Georges,GD,12.0564,-61.7485,85.68,70,20,20.71,few clouds
437,Balkanabat,TM,39.5108,54.3671,39.27,67,27,2.46,scattered clouds
438,Shahgarh,IN,24.3167,79.1333,57.79,35,0,4.79,clear sky
439,Pauini,BR,-7.7136,-66.9764,86.61,60,54,1.61,broken clouds
440,Beloha,MG,-25.1667,45.05,74.12,94,100,19.26,moderate rain
441,Caceres,ES,39.522,-6.3748,46.58,63,5,3.87,clear sky
442,Praia Da Vitoria,PT,38.7333,-27.0667,61.05,94,75,16.06,broken clouds
443,Ovsyanka,RU,55.9575,92.5519,22.17,91,100,4.72,overcast clouds
444,Alice Springs,AU,-23.7,133.8833,62.15,82,0,4.61,clear sky
445,Wuzhou,CN,23.4833,111.3167,53.04,96,100,3.33,overcast clouds
446,Ilulissat,GL,69.2167,-51.1,1.42,55,100,6.91,overcast clouds
447,Guerrero Negro,MX,27.9769,-114.0611,66.49,26,0,4.5,clear sky
448,Plouzane,FR,48.3833,-4.6167,53.78,90,100,19.57,overcast clouds
449,Gizo,SB,-8.103,156.8419,83.03,78,100,12.8,overcast clouds
450,Kasama,ZM,-10.2129,31.1808,59.95,97,99,2.62,overcast clouds
451,Caxito,AO,-8.5785,13.6643,79.45,74,49,5.17,scattered clouds
452,Ahuimanu,US,21.4447,-157.8378,77.36,79,20,5.01,few clouds
453,Namatanai,PG,-3.6667,152.4333,79.36,79,19,3.33,few clouds
454,Yumen,CN,40.2833,97.2,12.67,88,11,14.09,few clouds
455,Ponta Delgada,PT,37.7333,-25.6667,64.51,88,40,13.8,scattered clouds
456,Ortigueira,BR,-24.2083,-50.9494,75.72,84,81,2.57,broken clouds
457,Trofors,NO,65.5333,13.4063,32.36,97,61,4.41,broken clouds
458,Alekseyevka,RU,50.6309,38.6903,27.09,94,98,9.66,overcast clouds
459,Roseburg,US,43.2165,-123.3417,41.11,87,40,3.44,scattered clouds
460,Antofagasta,CL,-23.65,-70.4,74.21,60,0,7.85,clear sky
461,Misratah,LY,32.3754,15.0925,60.39,72,100,6.67,overcast clouds
462,Sakaraha,MG,-22.9,44.5333,72.64,89,100,21.39,light rain
463,Kiama,AU,-34.6833,150.8667,66.99,89,87,1.99,overcast clouds
464,Beringovskiy,RU,63.05,179.3167,-18.35,98,46,7.49,scattered clouds
465,Podosinovets,RU,60.2776,47.0659,12.33,98,89,3.78,overcast clouds
466,Bandarbeyla,SO,9.4942,50.8122,75.87,72,100,14.9,overcast clouds
467,Muros,ES,42.7762,-9.0603,52.84,68,47,10.63,scattered clouds
468,Yerbogachen,RU,61.2767,108.0108,-7.11,100,100,1.95,overcast clouds
469,Burnie,AU,-41.0667,145.9167,55.38,88,12,9.4,few clouds
470,Meulaboh,ID,4.1363,96.1285,76.14,90,100,6.53,moderate rain
471,Tura,IN,25.5198,90.2201,51.69,81,0,2.89,clear sky
472,Lakes Entrance,AU,-37.8811,147.981,52.57,91,8,5.59,clear sky
473,Naze,JP,28.3667,129.4833,51.8,63,100,6.98,overcast clouds
474,Fort Nelson,CA,58.8053,-122.7002,11.79,92,40,8.05,scattered clouds
475,Dingle,PH,10.9995,122.6711,73.38,89,63,8.48,broken clouds
476,Inhambane,MZ,-23.865,35.3833,78.78,89,40,13.8,scattered clouds
477,Aswan,EG,24.0934,32.907,63.7,27,0,6.91,clear sky
478,Russell,US,32.3502,-85.1999,56.48,54,44,6.64,scattered clouds
479,Letnyaya Stavka,RU,45.4306,43.4472,32.49,92,100,26.46,light snow
480,Krasnoturansk,RU,54.3186,91.5639,-1.41,96,100,1.95,overcast clouds
481,Jiayuguan,CN,39.8167,98.3,10.76,97,83,5.66,broken clouds
482,Akyab,MM,20.15,92.9,62.44,60,88,11.9,overcast clouds
483,Kasongo-Lunda,CD,-6.4667,16.8167,70.16,98,100,2.71,moderate rain
484,Zhangye,CN,38.9342,100.4517,13.89,83,86,2.48,overcast clouds
485,Bandundu,CD,-3.3167,17.3667,76.75,75,76,3.85,broken clouds
486,Huntsville,US,34.7304,-86.5861,52.12,47,0,1.99,clear sky
487,Miles City,US,46.4083,-105.8406,44.51,52,0,19.57,clear sky
488,Sorland,NO,67.667,12.6934,35.46,62,100,17.34,overcast clouds
489,Chikwawa,MW,-16.0335,34.8009,76.53,78,96,1.12,overcast clouds
490,Pangkalanbuun,ID,-2.6833,111.6167,74.39,98,100,3.6,overcast clouds
491,Falam,MM,22.9167,93.6833,40.51,54,94,3.22,overcast clouds
492,Det Udom,TH,14.906,105.0784,78.26,58,71,3.31,broken clouds
493,Norman Wells,CA,65.282,-126.8329,-14.76,70,75,12.66,broken clouds
494,Visby,SE,57.6409,18.296,37.76,87,20,12.66,few clouds
495,Bilma,NE,18.6853,12.9164,65.66,14,0,8.52,clear sky
496,Laval,CA,45.57,-73.692,17.13,60,100,5.01,overcast clouds
497,Vercelli,IT,45.3231,8.4153,45.72,60,100,2.06,overcast clouds
498,Seymchan,RU,62.8833,152.4333,-41.13,100,57,0.65,broken clouds
499,Sfantu Gheorghe,RO,45.8667,25.7833,33.26,83,100,2.21,overcast clouds
500,Yarim,YE,14.298,44.3779,55.36,49,98,4.21,overcast clouds
501,Hof,DE,50.3167,11.9167,38.79,91,75,19.57,light rain
502,Nong Phai,TH,15.9903,101.0618,77.07,56,56,2.75,broken clouds
503,Teguldet,RU,57.3064,88.1667,11.48,92,100,4.83,overcast clouds
504,Jinka,ET,5.65,36.65,72.0,31,100,1.36,overcast clouds
505,Tombouctou,ML,20.0,-3.0,70.05,9,0,7.4,clear sky
506,Livingston,GB,55.9029,-3.5226,36.48,82,0,11.5,clear sky
507,Bonito,BR,-21.1211,-56.4819,87.71,44,98,11.23,overcast clouds
508,Atherton,GB,53.5237,-2.4935,45.28,74,100,5.99,overcast clouds
509,Gorontalo,ID,0.5412,123.0595,73.62,95,100,3.62,overcast clouds
510,Havre-Saint-Pierre,CA,50.2334,-63.5986,5.59,51,0,16.11,clear sky
511,Kelo,TD,9.3086,15.8066,80.53,16,0,5.48,clear sky
512,Arman,RU,59.7,150.1667,-4.99,71,4,10.98,clear sky
513,Sakaiminato,JP,35.55,133.2333,35.58,75,75,2.3,broken clouds
514,Mpika,ZM,-11.8343,31.4529,59.88,99,99,2.8,overcast clouds
515,Barbastro,ES,42.0356,0.1269,46.08,58,14,1.28,few clouds
516,Morondava,MG,-20.2833,44.2833,80.8,83,100,18.86,moderate rain
517,Oxford,GB,51.7522,-1.256,48.18,76,75,1.99,broken clouds
518,Wasilla,US,61.5814,-149.4394,26.4,87,100,0.0,fog
519,Kharsawan,IN,22.8,85.8333,59.81,36,75,3.0,broken clouds
520,Saryg-Sep,RU,51.5,95.6,-19.03,100,85,2.57,overcast clouds
521,East Stroudsburg,US,40.9995,-75.1813,31.8,56,100,7.7,overcast clouds
522,Inyonga,TZ,-6.7167,32.0667,65.86,91,100,2.01,overcast clouds
523,Clyde River,CA,70.4692,-68.5914,-32.57,75,0,5.75,clear sky
524,Rocha,UY,-34.4833,-54.3333,71.35,44,0,19.66,clear sky
525,Palmer,US,42.1584,-72.3287,29.03,40,40,1.99,scattered clouds
526,Beyneu,KZ,45.3167,55.2,28.31,79,21,6.4,few clouds
527,Camacha,PT,33.0833,-16.3333,59.76,67,40,16.11,scattered clouds
528,Punta Cardon,VE,11.6581,-70.215,82.81,62,0,16.22,clear sky
529,Bathsheba,BB,13.2167,-59.5167,84.81,61,40,20.71,scattered clouds
530,Mafinga,TZ,-7.25,35.0667,67.73,90,100,4.25,overcast clouds
531,Cozumel,MX,20.5083,-86.9458,77.11,92,100,4.61,overcast clouds
532,Vernon,CA,50.2581,-119.2691,40.3,86,34,1.14,scattered clouds
533,Zaraza,VE,9.3503,-65.3245,97.29,28,54,6.4,broken clouds
534,Nsanje,MW,-16.92,35.262,72.99,93,7,2.35,light rain
535,Hauterive,FR,46.0901,3.4459,48.96,84,100,13.6,overcast clouds
536,Marovoay,MG,-16.1,46.6333,82.54,90,92,4.45,overcast clouds
537,Kismayo,SO,-0.3582,42.5454,78.48,81,80,16.4,broken clouds
538,Amahai,ID,-3.3333,128.9167,77.99,84,79,4.5,broken clouds
539,North Bend,US,43.4065,-124.2243,54.14,80,0,6.91,clear sky
540,Scottsbluff,US,41.8666,-103.6672,41.29,56,75,8.99,broken clouds
541,Iringa,TZ,-7.7667,35.7,58.75,94,100,3.31,overcast clouds
542,Mareeba,AU,-17.0,145.4333,70.45,93,89,2.42,overcast clouds
543,Aguilas,ES,37.4063,-1.5829,59.2,84,9,4.61,clear sky
544,Moranbah,AU,-22.0016,148.0466,67.84,76,1,14.38,clear sky
545,Jiaozuo,CN,35.2397,113.2331,34.32,42,100,4.56,overcast clouds
546,Mahibadhoo,MV,3.7833,72.9667,81.81,64,11,10.6,few clouds
547,Codrington,AU,-38.2667,141.9667,57.51,77,0,9.08,clear sky
548,Kamina,CD,-8.7386,24.9906,64.69,97,100,4.14,moderate rain
549,Acajutla,SV,13.5928,-89.8275,86.94,48,20,10.85,few clouds
550,San Felipe,VE,10.3399,-68.7425,85.35,51,79,7.7,broken clouds
551,Parfenyevo,RU,58.484,43.4088,-5.82,100,100,2.86,overcast clouds
552,Susanville,US,40.4163,-120.653,41.92,51,0,5.01,clear sky
553,Bitung,ID,1.4451,125.1824,77.85,85,100,9.98,overcast clouds
554,Pringsewu,ID,-5.3582,104.9744,72.18,98,100,0.76,moderate rain
555,Trinidad,BO,-14.8333,-64.9,80.58,78,75,6.91,broken clouds
556,Jinan,CN,36.6683,116.9972,33.71,33,100,2.68,overcast clouds
557,Gitega,BI,-3.5,29.95,61.14,86,100,2.84,overcast clouds
558,Candating,PH,15.1481,120.822,78.13,84,78,3.76,broken clouds
559,Rawson,AR,-43.3002,-65.1023,75.85,34,7,15.95,clear sky
560,Marzuq,YE,14.4,46.4667,65.86,32,100,1.74,overcast clouds
561,Luanda,AO,-8.8368,13.2343,78.8,73,20,10.36,few clouds
562,Bisira,PA,8.5196,-81.7115,69.24,55,77,6.98,broken clouds
563,Kruisfontein,ZA,-34.0033,24.7314,76.89,58,100,14.34,overcast clouds
564,Taksimo,RU,56.3444,114.8794,-7.51,96,100,0.78,overcast clouds
565,San Pedro,PH,14.35,121.0167,78.03,77,75,5.75,broken clouds
566,Newport,GB,51.5877,-2.9984,49.01,78,15,5.99,few clouds
567,Yeppoon,AU,-23.1333,150.7333,67.78,76,10,13.24,clear sky
568,Svetlogorsk,BY,52.6333,29.7333,32.11,91,100,13.22,overcast clouds
569,Kaspiyskiy,RU,45.3929,47.3707,32.31,90,97,8.9,overcast clouds
570,Doha,QA,25.2867,51.5333,62.58,59,0,12.66,clear sky
571,Minab,IR,27.1467,57.0801,67.5,62,0,2.3,clear sky
572,Chany,RU,55.3121,76.7647,6.71,82,100,6.82,overcast clouds
573,Taicheng,CN,38.731,113.228,24.24,31,100,1.66,overcast clouds
574,Yurga,RU,55.7231,84.8861,6.26,89,100,3.53,overcast clouds
575,San Ignacio,BZ,17.1561,-89.0714,69.94,94,100,6.91,overcast clouds
576,Adre,TD,13.4667,22.2,66.42,12,0,13.09,clear sky
577,Roald,NO,62.5833,6.1333,39.99,75,75,11.5,light rain
578,Hambantota,LK,6.1241,81.1185,79.14,83,40,8.05,scattered clouds
579,Muhlacker,DE,48.95,8.8333,46.76,87,100,27.02,light rain
580,Almaty,KZ,43.25,76.95,39.11,38,100,15.66,light rain
581,Nemuro,JP,43.3236,145.575,24.96,74,97,16.84,overcast clouds
582,Lasa,IT,46.6166,10.7002,43.54,67,100,4.97,overcast clouds
583,Batemans Bay,AU,-35.7167,150.1833,63.1,88,70,7.43,broken clouds
584,Valpacos,PT,41.6075,-7.3109,49.73,64,100,1.43,overcast clouds
585,Kalianget,ID,-7.05,113.9333,78.01,87,56,10.45,broken clouds
586,Sohag,EG,26.557,31.6948,61.09,43,0,8.57,clear sky
587,Luang Prabang,LA,19.8856,102.1347,62.29,99,19,1.5,few clouds
588,Piracuruca,BR,-3.9281,-41.7092,87.08,60,87,8.43,overcast clouds
589,Bukene,TZ,-4.2333,32.8833,66.81,81,100,3.53,overcast clouds
590,Tenango,MX,18.65,-98.1833,77.83,32,5,6.58,clear sky
591,Tirana,AL,41.3275,19.8189,47.28,71,20,3.44,few clouds
592,El Corpus,HN,14.7,-88.9167,77.68,83,100,4.61,overcast clouds
593,Glenwood Springs,US,39.5505,-107.3248,35.13,69,40,3.44,scattered clouds
594,Rio Branco,BR,-9.9747,-67.81,88.41,66,40,5.75,scattered clouds
595,Monkey Bay,MW,-14.0728,34.9201,76.6,73,76,1.1,light rain
596,Nyurba,RU,63.2842,118.3319,-3.71,99,100,5.57,overcast clouds
597,Minbu,MM,20.1833,94.8833,63.48,45,29,6.15,scattered clouds
598,Mount Isa,AU,-20.7333,139.5,76.77,65,75,5.75,broken clouds
599,Nishihara,JP,26.1842,127.7558,58.28,65,75,6.91,broken clouds
600,San Luis,AR,-33.295,-66.3356,78.71,14,0,5.82,clear sky
601,Amberieu-En-Bugey,FR,45.9589,5.3432,48.18,86,100,8.14,overcast clouds
602,Eureka,US,40.8021,-124.1637,56.01,77,9,1.01,clear sky
603,Andenes,NO,69.3143,16.1194,31.98,74,75,10.36,broken clouds
604,Adrar,MR,20.5022,-10.0711,73.11,8,0,9.17,clear sky
605,Kupang,ID,-10.1667,123.5833,78.84,85,36,7.2,scattered clouds
606,Saint-Pierre,RE,-21.3393,55.4781,78.48,78,0,4.61,clear sky
607,Anori,BR,-3.7728,-61.6442,81.3,89,100,3.42,overcast clouds
608,Impfondo,CG,1.6381,18.0667,78.26,27,32,0.83,scattered clouds
609,Waingapu,ID,-9.6567,120.2641,78.94,85,97,4.72,overcast clouds
610,Bac Ninh,VN,21.1833,106.05,57.29,90,99,1.23,overcast clouds
611,Batticaloa,LK,7.7102,81.6924,76.86,79,100,7.61,overcast clouds
612,Gondanglegi,ID,-7.7479,112.0132,75.04,96,100,2.51,overcast clouds
613,Gunjur,GM,13.2019,-16.7339,91.47,46,1,6.91,clear sky
614,Rognan,NO,67.0953,15.3878,30.34,83,100,7.74,overcast clouds
615,Bulgan,MN,48.8125,103.5347,-1.68,84,17,3.89,few clouds
616,Omboue,GA,-1.5746,9.2618,78.31,85,11,5.46,light rain
617,Juneau,US,58.3019,-134.4197,42.22,98,100,8.99,overcast clouds
618,Port Keats,AU,-14.25,129.55,78.17,86,100,6.67,overcast clouds
619,Tambopata,PE,-12.7333,-69.1833,71.49,100,100,12.66,heavy intensity rain
620,Jacareacanga,BR,-6.2222,-57.7528,83.68,76,100,2.57,overcast clouds
621,Alpena,US,45.0617,-83.4327,30.18,72,100,4.0,overcast clouds
622,Lamar,US,33.6668,-95.5836,52.36,40,0,9.22,clear sky
623,Fukue,JP,32.6881,128.8419,43.88,62,95,17.6,overcast clouds
624,Alta Floresta,BR,-9.8756,-56.0861,89.42,62,40,5.75,scattered clouds
625,Itoman,JP,26.1247,127.6694,59.02,62,75,9.22,broken clouds
626,Iwanai,JP,42.9744,140.5089,24.94,79,100,7.76,light snow
627,Senanga,ZM,-16.1167,23.2667,68.65,91,100,8.48,moderate rain
628,Cimitarra,CO,6.3142,-73.9497,88.39,56,50,2.44,scattered clouds
629,Vikesa,NO,58.6376,6.0913,36.37,77,97,11.41,overcast clouds
630,Mount Pleasant,US,32.7941,-79.8626,46.38,61,100,3.0,overcast clouds
631,Concepcion,CL,-36.827,-73.0498,75.27,45,0,9.82,clear sky
632,Phan Thiet,VN,10.9333,108.1,73.53,78,100,6.53,overcast clouds
633,Falun,SE,60.6036,15.626,30.94,93,100,2.64,overcast clouds
634,Vazhiny,RU,60.9644,34.0222,23.9,92,100,8.9,overcast clouds
635,Manaus,BR,-3.1019,-60.025,79.29,89,75,6.91,broken clouds
636,Bertoua,CM,4.5833,13.6833,75.69,25,74,2.95,broken clouds
637,Cabangahan,PH,9.0781,122.9469,78.39,78,90,16.2,overcast clouds
638,Ahome,MX,25.9167,-109.1833,72.01,42,0,9.66,clear sky
639,College,US,64.8569,-147.8028,-1.71,78,100,3.44,light snow
640,Sawtell,AU,-30.3833,153.1,65.19,94,40,13.8,scattered clouds
641,Pirassununga,BR,-21.9961,-47.4258,83.21,65,75,6.91,broken clouds
642,Riyadh,SA,24.6877,46.7219,55.54,39,0,8.23,clear sky
643,Manturovo,RU,58.3353,44.7619,-3.14,100,100,2.62,overcast clouds
644,Okhotsk,RU,59.3833,143.3,-0.83,69,100,12.15,overcast clouds
645,Sisophon,KH,13.5859,102.9737,79.23,55,57,4.56,broken clouds
646,Lodja,CD,-3.4833,23.4333,71.37,89,100,2.48,light rain
647,Raga,SS,8.4596,25.678,69.91,18,95,4.36,overcast clouds
648,Outlook,CA,51.5001,-107.0513,31.69,85,100,10.71,overcast clouds
649,El Alto,PE,-4.2714,-81.2147,82.06,67,17,15.39,few clouds
650,Ambon,ID,-3.6954,128.1814,75.34,94,40,5.75,moderate rain
651,Vallenar,CL,-28.5708,-70.7581,87.82,22,0,11.48,clear sky
652,Jalingo,NG,8.8833,11.3667,80.2,15,2,6.2,clear sky
653,La Asuncion,VE,11.0333,-63.8628,85.73,58,30,18.41,scattered clouds
654,Erdenet,MN,49.0333,104.0833,-3.26,88,19,4.12,few clouds
655,Verkhnevilyuysk,RU,63.4453,120.3167,-7.22,98,100,5.66,overcast clouds
656,Konevo,RU,62.1215,39.3192,11.84,94,100,8.1,overcast clouds
657,Marawi,PH,7.9986,124.2928,65.64,91,25,1.86,scattered clouds
658,Tautira,PF,-17.7333,-149.15,86.02,76,61,21.32,light rain
659,Trairi,BR,-3.2778,-39.2689,83.91,65,76,10.92,broken clouds
660,Corrente,BR,-3.7367,-43.3394,83.88,73,83,3.69,broken clouds
661,Hervey Bay,AU,-25.2986,152.8535,68.11,93,18,10.0,light rain
662,Steinbach,DE,50.1667,8.5667,44.29,88,75,4.0,broken clouds
663,Kenora,CA,49.8167,-94.4337,7.99,72,20,5.75,few clouds
664,Bairiki,KI,1.3292,172.9752,80.6,83,40,6.91,scattered clouds
665,Orange Cove,US,36.6244,-119.3137,59.77,34,0,3.98,clear sky
